deriv,mode,view,pc,evr_pct,cum_evr_pct,eta2_dish,eta2_variety,eta2_germinated,eta2_germ_day,eta2_dish_within_variety,eta2_germ_day_within_variety
0,reflectance,0h,1,81.361,81.36,0.4218,0.3472,0.0445,0.0646,0.1142,0.0163
0,reflectance,0h,2,7.231,88.59,0.5751,0.3264,0.0201,0.0402,0.3693,0.0224
0,reflectance,0h,3,6.728,95.32,0.1433,0.0715,0.0024,0.0132,0.0772,0.0201
0,reflectance,0h,4,1.462,96.78,0.2018,0.0839,0.0049,0.007,0.1287,0.0093
0,reflectance,0h,5,0.956,97.74,0.2445,0.1375,0.0452,0.005,0.1241,0.0098
0,reflectance,0h,6,0.61,98.35,0.1164,0.0456,0.0002,0.0168,0.0742,0.0116
0,reflectance,8h,1,86.805,86.8,0.3882,0.2455,0.0271,0.2337,0.1891,0.1554
0,reflectance,8h,2,8.982,95.79,0.323,0.2001,0.0407,0.0046,0.1537,0.0195
0,reflectance,8h,3,2.002,97.79,0.3536,0.2579,0.0139,0.0033,0.1289,0.0335
0,reflectance,8h,4,1.084,98.87,0.3634,0.0346,0.0084,0.0319,0.3406,0.0287
0,reflectance,8h,5,0.361,99.23,0.1552,0.0308,0.0544,0.025,0.1283,0.0217
0,reflectance,8h,6,0.252,99.49,0.148,0.0544,0.0037,0.0124,0.0989,0.0062
0,reflectance,delta,1,80.65,80.65,0.4118,0.0395,0.0094,0.0754,0.3877,0.0761
0,reflectance,delta,2,7.915,88.57,0.5063,0.1701,0.0,0.0043,0.4051,0.0102
0,reflectance,delta,3,5.363,93.93,0.1642,0.0515,0.0003,0.045,0.1188,0.0264
0,reflectance,delta,4,3.115,97.04,0.2343,0.044,0.0031,0.0483,0.199,0.0323
0,reflectance,delta,5,1.201,98.24,0.075,0.0053,0.0005,0.0064,0.0701,0.0069
0,reflectance,delta,6,0.518,98.76,0.0847,0.0545,0.0067,0.0078,0.0319,0.012
0,transmittance,0h,1,84.958,84.96,0.1362,0.1147,0.0002,0.0344,0.0242,0.0364
0,transmittance,0h,2,11.079,96.04,0.126,0.0818,0.0681,0.0176,0.0481,0.0199
0,transmittance,0h,3,2.079,98.12,0.1734,0.0551,0.0222,0.0049,0.1252,0.0037
0,transmittance,0h,4,0.606,98.72,0.1573,0.1091,0.0396,0.0225,0.0541,0.0114
0,transmittance,0h,5,0.359,99.08,0.0948,0.034,0.0149,0.006,0.0629,0.0103
0,transmittance,0h,6,0.285,99.37,0.0608,0.028,0.0,0.0046,0.0338,0.0098
0,transmittance,8h,1,84.43,84.43,0.2184,0.1622,0.0237,0.1083,0.0671,0.0788
0,transmittance,8h,2,9.353,93.78,0.2303,0.0383,0.0805,0.0132,0.1997,0.0212
0,transmittance,8h,3,3.253,97.04,0.1991,0.081,0.0335,0.0875,0.1285,0.0523
0,transmittance,8h,4,1.64,98.68,0.3092,0.158,0.0025,0.0398,0.1796,0.0283
0,transmittance,8h,5,0.397,99.07,0.134,0.0465,0.0,0.006,0.0917,0.0021
0,transmittance,8h,6,0.285,99.36,0.1083,0.059,0.0,0.0167,0.0524,0.0076
0,transmittance,delta,1,84.12,84.12,0.3756,0.1385,0.0383,0.1087,0.2753,0.0872
0,transmittance,delta,2,8.271,92.39,0.3752,0.0998,0.0027,0.0225,0.3059,0.0138
0,transmittance,delta,3,3.166,95.56,0.3458,0.1012,0.0004,0.0143,0.2722,0.0162
0,transmittance,delta,4,1.406,96.96,0.2156,0.0536,0.0043,0.0137,0.1712,0.0176
0,transmittance,delta,5,1.224,98.19,0.2806,0.0282,0.0114,0.0055,0.2597,0.0034
0,transmittance,delta,6,0.571,98.76,0.266,0.0657,0.0048,0.0161,0.2144,0.0035
1,reflectance,0h,1,34.399,34.4,0.426,0.2958,0.0112,0.0401,0.1849,0.0121
1,reflectance,0h,2,27.609,62.01,0.2527,0.1891,0.0499,0.033,0.0785,0.0221
1,reflectance,0h,3,18.432,80.44,0.3356,0.183,0.0158,0.0448,0.1868,0.0216
1,reflectance,0h,4,6.309,86.75,0.162,0.0357,0.0005,0.007,0.131,0.0106
1,reflectance,0h,5,3.01,89.76,0.2963,0.1343,0.0397,0.006,0.1871,0.0003
1,reflectance,0h,6,2.848,92.61,0.2307,0.1864,0.0261,0.006,0.0544,0.0304
1,reflectance,8h,1,76.636,76.64,0.2934,0.1164,0.0465,0.2063,0.2003,0.1515
1,reflectance,8h,2,9.509,86.15,0.5291,0.3982,0.0089,0.0342,0.2176,0.0062
1,reflectance,8h,3,6.044,92.19,0.3049,0.0358,0.002,0.036,0.279,0.0309
1,reflectance,8h,4,2.71,94.9,0.2277,0.1538,0.0634,0.0103,0.0874,0.0302
1,reflectance,8h,5,1.705,96.6,0.1085,0.0381,0.0041,0.0073,0.0731,0.0054
1,reflectance,8h,6,0.985,97.59,0.0849,0.0297,0.0398,0.0162,0.0568,0.013
1,reflectance,delta,1,55.102,55.1,0.4306,0.0371,0.0078,0.0827,0.4086,0.0822
1,reflectance,delta,2,20.82,75.92,0.4898,0.1538,0.0019,0.0033,0.3971,0.0065
1,reflectance,delta,3,6.708,82.63,0.104,0.0352,0.0,0.0158,0.0713,0.0082
1,reflectance,delta,4,5.935,88.56,0.1486,0.072,0.0093,0.0558,0.0825,0.0393
1,reflectance,delta,5,3.785,92.35,0.0709,0.0118,0.0011,0.0399,0.0598,0.0322
1,reflectance,delta,6,1.907,94.26,0.0801,0.0039,0.0001,0.0067,0.0765,0.0052
1,transmittance,0h,1,83.935,83.94,0.1654,0.1488,0.0025,0.0341,0.0195,0.0319
1,transmittance,0h,2,10.741,94.68,0.1307,0.0791,0.0576,0.0122,0.056,0.0209
1,transmittance,0h,3,1.769,96.45,0.1332,0.0296,0.0516,0.0071,0.1068,0.0078
1,transmittance,0h,4,1.201,97.65,0.2518,0.1674,0.0169,0.0221,0.1014,0.0061
1,transmittance,0h,5,0.714,98.36,0.0995,0.0608,0.0069,0.0172,0.0412,0.005
1,transmittance,0h,6,0.609,98.97,0.0681,0.0131,0.0016,0.0039,0.0558,0.0044
1,transmittance,8h,1,84.14,84.14,0.2582,0.1932,0.0346,0.1285,0.0805,0.088
1,transmittance,8h,2,7.079,91.22,0.1968,0.048,0.0451,0.003,0.1563,0.0074
1,transmittance,8h,3,4.674,95.89,0.1466,0.0594,0.0497,0.0868,0.0927,0.0657
1,transmittance,8h,4,1.287,97.18,0.2322,0.1083,0.0152,0.0036,0.139,0.0056
1,transmittance,8h,5,1.026,98.21,0.3524,0.0717,0.0001,0.0187,0.3024,0.0068
1,transmittance,8h,6,0.554,98.76,0.113,0.0761,0.0067,0.0096,0.04,0.0029
1,transmittance,delta,1,76.641,76.64,0.3433,0.1526,0.0419,0.1122,0.225,0.09
1,transmittance,delta,2,8.463,85.1,0.3113,0.1164,0.0,0.0192,0.2206,0.0231
1,transmittance,delta,3,3.736,88.84,0.2354,0.0101,0.0022,0.0125,0.2276,0.0098
1,transmittance,delta,4,3.148,91.99,0.2002,0.0435,0.0218,0.0175,0.1638,0.0137
1,transmittance,delta,5,2.599,94.59,0.411,0.0561,0.0018,0.0095,0.376,0.0116
1,transmittance,delta,6,1.238,95.82,0.1783,0.0666,0.0038,0.0366,0.1196,0.0282
